src,_count
10.1.129.34,7
10.1.129.58,6
10.1.147.106,361
10.1.16.113,7
10.1.16.125,19
10.1.160.118,50
10.1.160.247,26
10.1.24.200,10
10.1.26.200,13
10.1.29.99,9
10.11.0.241,1
10.129.65.10,2
10.18.0.189,18
10.18.7.37,1466
10.18.70.135,486
10.208.0.10,174
10.208.0.250,10
10.28.73.126,25
10.4.11.109,5
10.45.0.253,4
10.54.0.173,16
10.57.30.196,3
10.61.70.36,1
10.63.15.150,1
10.63.15.166,1
10.63.15.77,2
10.63.23.38,4
10.63.39.16,28
10.65.15.11,15
10.74.8.50,6
10.77.7.111,11
10.9.5.56,698
